{
    "628cc154-cf94-4a1e-8a45-715ccf98d82a": {
        "name": "Vasil",
        "email": "vasil@abv.bg",
        "phone": "0888888888",
        "number-guests": "4",
        "date": "10/05/2021",
        "time": "Breakfast",
        "message": "Da",
        "_id": "628cc154-cf94-4a1e-8a45-715ccf98d82a"
    },
    "adaa204e-a79f-4289-a91a-c3b252b38cc9": {
        "name": "Gosho",
        "email": "Gosho@abv.bg",
        "phone": "0888888888",
        "number-guests": "3",
        "date": "25/05/2021",
        "time": "Lunch",
        "message": "123",
        "_id": "adaa204e-a79f-4289-a91a-c3b252b38cc9"
    },
    "16766ec8-d46d-440a-97b7-2932b6b0ee04": {
        "name": "Kiro",
        "email": "Kiro@abv.bg",
        "phone": "0888888887",
        "number-guests": "2",
        "date": "10/05/2021",
        "time": "Dinner",
        "message": "Eeee",
        "_id": "16766ec8-d46d-440a-97b7-2932b6b0ee04"
    }
}